_id,name,email,phone_number
65480dda89d0d7a61b58536e,Alice Johnson,alice@example.com,123-456-7890
65480dda89d0d7a61b58536f,Bob Smith,bob@example.com,987-654-3210
65480dda89d0d7a61b585370,Charlie Brown,charlie@example.com,555-123-4567
65480dda89d0d7a61b585371,David Lee,david@example.com,333-999-8888
65480dda89d0d7a61b585372,Emily Davis,emily@example.com,777-222-1111
65480dda89d0d7a61b585373,Frank White,frank@example.com,444-777-9999
65480dda89d0d7a61b585374,Grace Taylor,grace@example.com,666-555-3333
65480dda89d0d7a61b585375,Hannah Moore,hannah@example.com,111-222-3333
65480dda89d0d7a61b585376,Isaac Wilson,isaac@example.com,333-666-1111
65480dda89d0d7a61b585377,Jack Harris,jack@example.com,555-444-2222
